{
  "Compound - drug-used-for-treatment - Disease": 0.6787837219935985,
  "Compound - physically-interacts-with - Protein": 0.8390489254686786,
  "Compound - significant-drug-interaction - Compound": 0.501143118427069,
  "Compound < has-part < Compound": 0.5436671239140375,
  "Compound < instance-of < Compound": 0.021262002743484224,
  "Compound > has-part > Compound": 0.5436671239140375,
  "Compound > instance-of > Compound": 0.021262002743484224,
  "Disease - drug-used-for-treatment - Compound": 0.35926911907066794,
  "Disease - genetic-association - Gene": 0.26899806389157793,
  "Disease < subclass-of < Disease": 1.2364472410454985,
  "Disease > subclass-of > Disease": 1.2364472410454985,
  "Gene - encodes - Protein": 1.2542920435665497,
  "Gene - genetic-association - Disease": 0.10259368654236663,
  "Protein - encodes - Gene": 1.017712038944018,
  "Protein - physically-interacts-with - Compound": 0.13742744804343757
}